official_full,first,middle,last,birthday,gender,start,end,state,district,party
Robert B. Aderholt,Robert,B.,Aderholt,1965-07-22,M,2013-01-03,2015-01-03,AL,4,Republican
Rodney Alexander,Rodney,M.,Alexander,1946-12-05,M,2013-01-03,2015-01-03,LA,5,Republican
Justin Amash,Justin,,Amash,1980-04-18,M,2013-01-03,2015-01-03,MI,3,Republican
Robert E. Andrews,Robert,E.,Andrews,1957-08-04,M,2013-01-03,2015-01-03,NJ,1,Democrat
Michele Bachmann,Michele,Marie,Bachmann,1956-04-06,F,2013-01-03,2015-01-03,MN,6,Republican
Spencer Bachus,Spencer,Thomas,Bachus,1947-12-28,M,2013-01-03,2015-01-03,AL,6,Republican
Lou Barletta,Lou,,Barletta,1956-01-28,M,2013-01-03,2015-01-03,PA,11,Republican
John Barrow,John,,Barrow,1955-10-31,M,2013-01-03,2015-01-03,GA,12,Democrat
Joe Barton,Joe,Linus,Barton,1949-09-15,M,2013-01-03,2015-01-03,TX,6,Republican
Karen Bass,Karen,,Bass,1953-10-03,F,2013-01-03,2015-01-03,CA,37,Democrat
Xavier Becerra,Xavier,,Becerra,1958-01-26,M,2013-01-03,2015-01-03,CA,34,Democrat
Dan Benishek,Dan,,Benishek,1952-04-20,M,2013-01-03,2015-01-03,MI,1,Republican
Gus M. Bilirakis,Gus,M.,Bilirakis,1963-02-08,M,2013-01-03,2015-01-03,FL,12,Republican
Rob Bishop,Rob,,Bishop,1951-07-13,M,2013-01-03,2015-01-03,UT,1,Republican
Sanford D. Bishop Jr.,Sanford,D.,Bishop,1947-02-04,M,2013-01-03,2015-01-03,GA,2,Democrat
Timothy H. Bishop,Timothy,H.,Bishop,1950-06-01,M,2013-01-03,2015-01-03,NY,1,Democrat
Diane Black,Diane,,Black,1951-01-16,F,2013-01-03,2015-01-03,TN,6,Republican
Marsha Blackburn,Marsha,W.,Blackburn,1952-06-06,F,2013-01-03,2015-01-03,TN,7,Republican
Earl Blumenauer,Earl,,Blumenauer,1948-08-16,M,2013-01-03,2015-01-03,OR,3,Democrat
John A. Boehner,John,A.,Boehner,1949-11-17,M,2013-01-03,2015-01-03,OH,8,Republican
Madeleine Z. Bordallo,Madeleine,Z.,Bordallo,1933-05-31,F,2013-01-03,2015-01-03,GU,0,Democrat
Charles W. Boustany Jr.,Charles,W.,Boustany,1956-02-21,M,2013-01-03,2015-01-03,LA,3,Republican
Kevin Brady,Kevin,P.,Brady,1955-04-11,M,2013-01-03,2015-01-03,TX,8,Republican
Robert A. Brady,Robert,A.,Brady,1945-04-07,M,2013-01-03,2015-01-03,PA,1,Democrat
Bruce L. Braley,Bruce,L.,Braley,1957-10-30,M,2013-01-03,2015-01-03,IA,1,Democrat
Mo Brooks,Mo,,Brooks,1954-04-29,M,2013-01-03,2015-01-03,AL,5,Republican
Paul C. Broun,Paul,C.,Broun,1946-05-14,M,2013-01-03,2015-01-03,GA,10,Republican
Corrine Brown,Corrine,,Brown,1946-11-11,F,2013-01-03,2015-01-03,FL,5,Democrat
Vern Buchanan,Vern,,Buchanan,1951-05-08,M,2013-01-03,2015-01-03,FL,16,Republican
Larry Bucshon,Larry,,Bucshon,1962-05-31,M,2013-01-03,2015-01-03,IN,8,Republican
Michael C. Burgess,Michael,C.,Burgess,1950-12-23,M,2013-01-03,2015-01-03,TX,26,Republican
G. K. Butterfield,George,Kenneth,Butterfield,1947-04-27,M,2013-01-03,2015-01-03,NC,1,Democrat
Ken Calvert,Ken,S.,Calvert,1953-06-08,M,2013-01-03,2015-01-03,CA,42,Republican
Dave Camp,Dave,Lee,Camp,1953-07-09,M,2013-01-03,2015-01-03,MI,4,Republican
John Campbell,John,Bayard Taylor,Campbell,1955-07-19,M,2013-01-03,2015-01-03,CA,45,Republican
Eric Cantor,Eric,I.,Cantor,1963-06-06,M,2013-01-03,2015-01-03,VA,7,Republican
Shelley Moore Capito,Shelley,Moore,Capito,1953-11-26,F,2013-01-03,2015-01-03,WV,2,Republican
Lois Capps,Lois,,Capps,1938-01-10,F,2013-01-03,2015-01-03,CA,24,Democrat
Michael E. Capuano,Michael,E.,Capuano,1952-01-09,M,2013-01-03,2015-01-03,MA,7,Democrat
John C. Carney Jr.,John,C.,Carney,1956-05-20,M,2013-01-03,2015-01-03,DE,0,Democrat
André Carson,André,,Carson,1974-10-16,M,2013-01-03,2015-01-03,IN,7,Democrat
John R. Carter,John,R.,Carter,1941-11-06,M,2013-01-03,2015-01-03,TX,31,Republican
Bill Cassidy,Bill,,Cassidy,1957-09-28,M,2013-01-03,2015-01-03,LA,6,Republican
Kathy Castor,Kathy,,Castor,1966-08-20,F,2013-01-03,2015-01-03,FL,14,Democrat
Steve Chabot,Steve,J.,Chabot,1953-01-22,M,2013-01-03,2015-01-03,OH,1,Republican
Jason Chaffetz,Jason,,Chaffetz,1967-03-26,M,2013-01-03,2015-01-03,UT,3,Republican
Donna M. Christensen,Donna,M.,Christensen,1945-09-19,F,2013-01-03,2015-01-03,VI,0,Democrat
Judy Chu,Judy,M.,Chu,1953-07-07,F,2013-01-03,2015-01-03,CA,27,Democrat
David N. Cicilline,David,N.,Cicilline,1961-07-15,M,2013-01-03,2015-01-03,RI,1,Democrat
Yvette D. Clarke,Yvette,D.,Clarke,1964-11-21,F,2013-01-03,2015-01-03,NY,9,Democrat
Wm. Lacy Clay,Wm.,Lacy,Clay,1956-07-27,M,2013-01-03,2015-01-03,MO,1,Democrat
Emanuel Cleaver,Emanuel,,Cleaver,1944-10-26,M,2013-01-03,2015-01-03,MO,5,Democrat
James E. Clyburn,James,E.,Clyburn,1940-07-21,M,2013-01-03,2015-01-03,SC,6,Democrat
Howard Coble,Howard,,Coble,1931-03-18,M,2013-01-03,2015-01-03,NC,6,Republican
Mike Coffman,Mike,,Coffman,1955-03-19,M,2013-01-03,2015-01-03,CO,6,Republican
Steve Cohen,Steve,,Cohen,1949-05-24,M,2013-01-03,2015-01-03,TN,9,Democrat
Tom Cole,Tom,,Cole,1949-04-28,M,2013-01-03,2015-01-03,OK,4,Republican
K. Michael Conaway,K.,Michael,Conaway,1948-06-11,M,2013-01-03,2015-01-03,TX,11,Republican
Gerald E. Connolly,Gerald,E.,Connolly,1950-03-30,M,2013-01-03,2015-01-03,VA,11,Democrat
John Conyers Jr.,John,,Conyers,1929-05-16,M,2013-01-03,2015-01-03,MI,13,Democrat
Jim Cooper,Jim,,Cooper,1954-06-19,M,2013-01-03,2015-01-03,TN,5,Democrat
Jim Costa,Jim,,Costa,1952-04-13,M,2013-01-03,2015-01-03,CA,16,Democrat
Joe Courtney,Joe,,Courtney,1953-04-06,M,2013-01-03,2015-01-03,CT,2,Democrat
"Eric A. ""Rick"" Crawford",Eric,A.,Crawford,1966-01-22,M,2013-01-03,2015-01-03,AR,1,Republican
Ander Crenshaw,Ander,,Crenshaw,1944-09-01,M,2013-01-03,2015-01-03,FL,4,Republican
Joseph Crowley,Joseph,,Crowley,1962-03-16,M,2013-01-03,2015-01-03,NY,14,Democrat
Henry Cuellar,Henry,,Cuellar,1955-09-19,M,2013-01-03,2015-01-03,TX,28,Democrat
John Abney Culberson,John,Abney,Culberson,1956-08-24,M,2013-01-03,2015-01-03,TX,7,Republican
Elijah E. Cummings,Elijah,E.,Cummings,1951-01-18,M,2013-01-03,2015-01-03,MD,7,Democrat
Danny K. Davis,Danny,K.,Davis,1941-09-06,M,2013-01-03,2015-01-03,IL,7,Democrat
Susan A. Davis,Susan,A.,Davis,1944-04-13,F,2013-01-03,2015-01-03,CA,53,Democrat
Peter A. DeFazio,Peter,A.,DeFazio,1947-05-27,M,2013-01-03,2015-01-03,OR,4,Democrat
Diana DeGette,Diana,L.,DeGette,1957-07-29,F,2013-01-03,2015-01-03,CO,1,Democrat
Rosa L. DeLauro,Rosa,L.,DeLauro,1943-03-02,F,2013-01-03,2015-01-03,CT,3,Democrat
Jeff Denham,Jeff,,Denham,1967-07-29,M,2013-01-03,2015-01-03,CA,10,Republican
Charles W. Dent,Charles,W.,Dent,1960-05-24,M,2013-01-03,2015-01-03,PA,15,Republican
Scott DesJarlais,Scott,,DesJarlais,1964-02-21,M,2013-01-03,2015-01-03,TN,4,Republican
Theodore E. Deutch,Theodore,E.,Deutch,1966-05-07,M,2013-01-03,2015-01-03,FL,21,Democrat
Mario Diaz-Balart,Mario,,Diaz-Balart,1961-09-25,M,2013-01-03,2015-01-03,FL,25,Republican
John D. Dingell,John,D.,Dingell,1926-07-08,M,2013-01-03,2015-01-03,MI,12,Democrat
Lloyd Doggett,Lloyd,A.,Doggett,1946-10-06,M,2013-01-03,2015-01-03,TX,35,Democrat
Michael F. Doyle,Michael,F.,Doyle,1953-08-05,M,2013-01-03,2015-01-03,PA,14,Democrat
Sean P. Duffy,Sean,P.,Duffy,1971-10-03,M,2013-01-03,2015-01-03,WI,7,Republican
Jeff Duncan,Jeff,,Duncan,1966-01-07,M,2013-01-03,2015-01-03,SC,3,Republican
John J. Duncan Jr.,John,J.,Duncan,1947-07-21,M,2013-01-03,2015-01-03,TN,2,Republican
Donna F. Edwards,Donna,F.,Edwards,1958-06-28,F,2013-01-03,2015-01-03,MD,4,Democrat
Keith Ellison,Keith,Maurice,Ellison,1963-08-04,M,2013-01-03,2015-01-03,MN,5,Democrat
Renee L. Ellmers,Renee,L.,Ellmers,1964-02-09,F,2013-01-03,2015-01-03,NC,2,Republican
Eliot L. Engel,Eliot,L.,Engel,1947-02-18,M,2013-01-03,2015-01-03,NY,16,Democrat
Anna G. Eshoo,Anna,G.,Eshoo,1942-12-13,F,2013-01-03,2015-01-03,CA,18,Democrat
Eni F. H. Faleomavaega,Eni,F. H.,Faleomavaega,1943-08-15,M,2013-01-03,2015-01-03,AS,0,Democrat
Blake Farenthold,Blake,,Farenthold,1962-12-12,M,2013-01-03,2015-01-03,TX,27,Republican
Sam Farr,Sam,,Farr,1941-07-04,M,2013-01-03,2015-01-03,CA,20,Democrat
Chaka Fattah,Chaka,,Fattah,1956-11-21,M,2013-01-03,2015-01-03,PA,2,Democrat
Stephen Lee Fincher,Stephen,Lee,Fincher,1973-02-07,M,2013-01-03,2015-01-03,TN,8,Republican
Michael G. Fitzpatrick,Michael,G.,Fitzpatrick,1963-06-28,M,2013-01-03,2015-01-03,PA,8,Republican
"Charles J. ""Chuck"" Fleischmann",Charles,J.,Fleischmann,1962-10-11,M,2013-01-03,2015-01-03,TN,3,Republican
John Fleming,John,,Fleming,1951-07-05,M,2013-01-03,2015-01-03,LA,4,Republican
Bill Flores,Bill,,Flores,1954-02-25,M,2013-01-03,2015-01-03,TX,17,Republican
J. Randy Forbes,J.,Randy,Forbes,1952-02-17,M,2013-01-03,2015-01-03,VA,4,Republican
Jeff Fortenberry,Jeff,Lane,Fortenberry,1960-12-27,M,2013-01-03,2015-01-03,NE,1,Republican
Virginia Foxx,Virginia,,Foxx,1943-06-29,F,2013-01-03,2015-01-03,NC,5,Republican
Trent Franks,Trent,,Franks,1957-06-19,M,2013-01-03,2015-01-03,AZ,8,Republican
Rodney P. Frelinghuysen,Rodney,P.,Frelinghuysen,1946-04-29,M,2013-01-03,2015-01-03,NJ,11,Republican
Marcia L. Fudge,Marcia,L.,Fudge,1952-10-29,F,2013-01-03,2015-01-03,OH,11,Democrat
John Garamendi,John,,Garamendi,1945-01-24,M,2013-01-03,2015-01-03,CA,3,Democrat
Cory Gardner,Cory,,Gardner,1974-08-22,M,2013-01-03,2015-01-03,CO,4,Republican
Scott Garrett,Scott,,Garrett,1959-07-09,M,2013-01-03,2015-01-03,NJ,5,Republican
Jim Gerlach,Jim,,Gerlach,1955-02-25,M,2013-01-03,2015-01-03,PA,6,Republican
Bob Gibbs,Bob,,Gibbs,1954-06-14,M,2013-01-03,2015-01-03,OH,7,Republican
Christopher P. Gibson,Christopher,P.,Gibson,1964-05-13,M,2013-01-03,2015-01-03,NY,19,Republican
Phil Gingrey,Phil,,Gingrey,1942-07-10,M,2013-01-03,2015-01-03,GA,11,Republican
Louie Gohmert,Louie,B.,Gohmert,1953-08-18,M,2013-01-03,2015-01-03,TX,1,Republican
Bob Goodlatte,Bob,W.,Goodlatte,1952-09-22,M,2013-01-03,2015-01-03,VA,6,Republican
Paul A. Gosar,Paul,A.,Gosar,1958-11-22,M,2013-01-03,2015-01-03,AZ,4,Republican
Trey Gowdy,Trey,,Gowdy,1964-08-22,M,2013-01-03,2015-01-03,SC,4,Republican
Kay Granger,Kay,,Granger,1943-01-18,F,2013-01-03,2015-01-03,TX,12,Republican
Sam Graves,Sam,B.,Graves,1963-11-07,M,2013-01-03,2015-01-03,MO,6,Republican
Tom Graves,Tom,,Graves,1970-02-03,M,2013-01-03,2015-01-03,GA,14,Republican
Al Green,Al,,Green,1947-09-01,M,2013-01-03,2015-01-03,TX,9,Democrat
Gene Green,Gene,Eugene,Green,1947-10-17,M,2013-01-03,2015-01-03,TX,29,Democrat
Tim Griffin,Tim,,Griffin,1968-08-21,M,2013-01-03,2015-01-03,AR,2,Republican
H. Morgan Griffith,H.,Morgan,Griffith,1958-03-15,M,2013-01-03,2015-01-03,VA,9,Republican
Raúl M. Grijalva,Raúl,M.,Grijalva,1948-02-19,M,2013-01-03,2015-01-03,AZ,3,Democrat
Michael G. Grimm,Michael,G.,Grimm,1970-02-07,M,2013-01-03,2015-01-03,NY,11,Republican
Brett Guthrie,Brett,,Guthrie,1964-02-18,M,2013-01-03,2015-01-03,KY,2,Republican
Luis V. Gutiérrez,Luis,V.,Gutiérrez,1953-12-10,M,2013-01-03,2015-01-03,IL,4,Democrat
Ralph M. Hall,Ralph,M.,Hall,1923-05-03,M,2013-01-03,2015-01-03,TX,4,Republican
Colleen W. Hanabusa,Colleen,W.,Hanabusa,1951-05-04,F,2013-01-03,2015-01-03,HI,1,Democrat
Richard L. Hanna,Richard,L.,Hanna,1951-01-25,M,2013-01-03,2015-01-03,NY,22,Republican
Gregg Harper,Gregg,,Harper,1956-06-01,M,2013-01-03,2015-01-03,MS,3,Republican
Andy Harris,Andy,,Harris,1957-01-25,M,2013-01-03,2015-01-03,MD,1,Republican
Vicky Hartzler,Vicky,,Hartzler,1960-10-13,F,2013-01-03,2015-01-03,MO,4,Republican
Alcee L. Hastings,Alcee,L.,Hastings,1936-09-05,M,2013-01-03,2015-01-03,FL,20,Democrat
Doc Hastings,Doc,,Hastings,1941-02-07,M,2013-01-03,2015-01-03,WA,4,Republican
Joseph J. Heck,Joseph,J.,Heck,1961-10-30,M,2013-01-03,2015-01-03,NV,3,Republican
Jeb Hensarling,Jeb,,Hensarling,1957-05-29,M,2013-01-03,2015-01-03,TX,5,Republican
Jaime Herrera Beutler,Jaime,,Herrera Beutler,1978-11-03,F,2013-01-03,2015-01-03,WA,3,Republican
Brian Higgins,Brian,M.,Higgins,1959-10-06,M,2013-01-03,2015-01-03,NY,26,Democrat
James A. Himes,James,A.,Himes,1966-07-05,M,2013-01-03,2015-01-03,CT,4,Democrat
Rubén Hinojosa,Rubén,E.,Hinojosa,1940-08-20,M,2013-01-03,2015-01-03,TX,15,Democrat
Rush Holt,Rush,D.,Holt,1948-10-15,M,2013-01-03,2015-01-03,NJ,12,Democrat
Michael M. Honda,Michael,M.,Honda,1941-06-27,M,2013-01-03,2015-01-03,CA,17,Democrat
Steny H. Hoyer,Steny,H.,Hoyer,1939-06-14,M,2013-01-03,2015-01-03,MD,5,Democrat
Tim Huelskamp,Tim,,Huelskamp,1968-11-11,M,2013-01-03,2015-01-03,KS,1,Republican
Bill Huizenga,Bill,,Huizenga,1969-01-31,M,2013-01-03,2015-01-03,MI,2,Republican
Randy Hultgren,Randy,,Hultgren,1966-03-01,M,2013-01-03,2015-01-03,IL,14,Republican
Duncan Hunter,Duncan,D.,Hunter,1976-12-07,M,2013-01-03,2015-01-03,CA,50,Republican
Robert Hurt,Robert,,Hurt,1969-06-16,M,2013-01-03,2015-01-03,VA,5,Republican
Steve Israel,Steve,J.,Israel,1958-05-30,M,2013-01-03,2015-01-03,NY,3,Democrat
Darrell E. Issa,Darrell,E.,Issa,1953-11-01,M,2013-01-03,2015-01-03,CA,49,Republican
Sheila Jackson Lee,Sheila,,Jackson Lee,1950-01-12,F,2013-01-03,2015-01-03,TX,18,Democrat
Lynn Jenkins,Lynn,,Jenkins,1963-06-10,F,2013-01-03,2015-01-03,KS,2,Republican
Bill Johnson,Bill,,Johnson,1954-11-10,M,2013-01-03,2015-01-03,OH,6,Republican
Eddie Bernice Johnson,Eddie,Bernice,Johnson,1935-12-03,F,2013-01-03,2015-01-03,TX,30,Democrat
"Henry C. ""Hank"" Johnson Jr.",Henry,C.,Johnson,1954-10-02,M,2013-01-03,2015-01-03,GA,4,Democrat
Sam Johnson,Sam,Robert,Johnson,1930-10-11,M,2013-01-03,2015-01-03,TX,3,Republican
Walter B. Jones,Walter,B.,Jones,1943-02-10,M,2013-01-03,2015-01-03,NC,3,Republican
Jim Jordan,Jim,,Jordan,1964-02-17,M,2013-01-03,2015-01-03,OH,4,Republican
Marcy Kaptur,Marcy,,Kaptur,1946-06-17,F,2013-01-03,2015-01-03,OH,9,Democrat
William R. Keating,William,R.,Keating,1952-09-06,M,2013-01-03,2015-01-03,MA,9,Democrat
Mike Kelly,Mike,,Kelly,1948-05-10,M,2013-01-03,2015-01-03,PA,3,Republican
Ron Kind,Ron,James,Kind,1963-03-16,M,2013-01-03,2015-01-03,WI,3,Democrat
Peter T. King,Peter,T.,King,1944-04-05,M,2013-01-03,2015-01-03,NY,2,Republican
Steve King,Steve,A.,King,1949-05-28,M,2013-01-03,2015-01-03,IA,4,Republican
Jack Kingston,Jack,,Kingston,1955-04-24,M,2013-01-03,2015-01-03,GA,1,Republican
Adam Kinzinger,Adam,,Kinzinger,1978-02-27,M,2013-01-03,2015-01-03,IL,16,Republican
John Kline,John,Paul,Kline,1947-09-06,M,2013-01-03,2015-01-03,MN,2,Republican
Raúl R. Labrador,Raúl,R.,Labrador,1967-12-08,M,2013-01-03,2015-01-03,ID,1,Republican
Doug Lamborn,Doug,,Lamborn,1954-05-24,M,2013-01-03,2015-01-03,CO,5,Republican
Leonard Lance,Leonard,,Lance,1952-06-25,M,2013-01-03,2015-01-03,NJ,7,Republican
James R. Langevin,James,R.,Langevin,1964-04-22,M,2013-01-03,2015-01-03,RI,2,Democrat
James Lankford,James,,Lankford,1968-03-04,M,2013-01-03,2015-01-03,OK,5,Republican
Rick Larsen,Rick,,Larsen,1965-06-15,M,2013-01-03,2015-01-03,WA,2,Democrat
John B. Larson,John,B.,Larson,1948-07-22,M,2013-01-03,2015-01-03,CT,1,Democrat
Tom Latham,Tom,P.,Latham,1948-07-14,M,2013-01-03,2015-01-03,IA,3,Republican
Robert E. Latta,Robert,E.,Latta,1956-04-18,M,2013-01-03,2015-01-03,OH,5,Republican
Barbara Lee,Barbara,,Lee,1946-07-16,F,2013-01-03,2015-01-03,CA,13,Democrat
Sander M. Levin,Sander,M.,Levin,1931-09-06,M,2013-01-03,2015-01-03,MI,9,Democrat
John Lewis,John,R.,Lewis,1940-02-21,M,2013-01-03,2015-01-03,GA,5,Democrat
Daniel Lipinski,Daniel,William,Lipinski,1966-07-15,M,2013-01-03,2015-01-03,IL,3,Democrat
Frank A. LoBiondo,Frank,A.,LoBiondo,1946-05-12,M,2013-01-03,2015-01-03,NJ,2,Republican
David Loebsack,David,,Loebsack,1952-12-23,M,2013-01-03,2015-01-03,IA,2,Democrat
Zoe Lofgren,Zoe,,Lofgren,1947-12-21,F,2013-01-03,2015-01-03,CA,19,Democrat
Billy Long,Billy,,Long,1955-08-11,M,2013-01-03,2015-01-03,MO,7,Republican
Nita M. Lowey,Nita,M.,Lowey,1937-07-05,F,2013-01-03,2015-01-03,NY,17,Democrat
Frank D. Lucas,Frank,D.,Lucas,1960-01-06,M,2013-01-03,2015-01-03,OK,3,Republican
Blaine Luetkemeyer,Blaine,,Luetkemeyer,1952-05-07,M,2013-01-03,2015-01-03,MO,3,Republican
Ben Ray Luján,Ben,Ray,Luján,1972-06-07,M,2013-01-03,2015-01-03,NM,3,Democrat
Cynthia M. Lummis,Cynthia,M.,Lummis,1954-09-10,F,2013-01-03,2015-01-03,WY,0,Republican
Stephen F. Lynch,Stephen,F.,Lynch,1955-03-31,M,2013-01-03,2015-01-03,MA,8,Democrat
Carolyn B. Maloney,Carolyn,B.,Maloney,1946-02-19,F,2013-01-03,2015-01-03,NY,12,Democrat
Kenny Marchant,Kenny,Ewell,Marchant,1951-02-23,M,2013-01-03,2015-01-03,TX,24,Republican
Tom Marino,Tom,,Marino,1952-08-15,M,2013-01-03,2015-01-03,PA,10,Republican
Jim Matheson,Jim,,Matheson,1960-03-21,M,2013-01-03,2015-01-03,UT,4,Democrat
Doris O. Matsui,Doris,O.,Matsui,1944-09-25,F,2013-01-03,2015-01-03,CA,6,Democrat
Carolyn McCarthy,Carolyn,,McCarthy,1944-01-05,F,2013-01-03,2015-01-03,NY,4,Democrat
Kevin McCarthy,Kevin,,McCarthy,1965-01-26,M,2013-01-03,2015-01-03,CA,23,Republican
Michael T. McCaul,Michael,T.,McCaul,1962-01-14,M,2013-01-03,2015-01-03,TX,10,Republican
Tom McClintock,Tom,,McClintock,1956-07-10,M,2013-01-03,2015-01-03,CA,4,Republican
Betty McCollum,Betty,Louise,McCollum,1954-07-12,F,2013-01-03,2015-01-03,MN,4,Democrat
Jim McDermott,Jim,A.,McDermott,1936-12-28,M,2013-01-03,2015-01-03,WA,7,Democrat
James P. McGovern,James,P.,McGovern,1959-11-20,M,2013-01-03,2015-01-03,MA,2,Democrat
Patrick T. McHenry,Patrick,T.,McHenry,1975-10-22,M,2013-01-03,2015-01-03,NC,10,Republican
Mike McIntyre,Mike,,McIntyre,1956-08-06,M,2013-01-03,2015-01-03,NC,7,Democrat
"Howard P. ""Buck"" McKeon",Howard,P.,McKeon,1938-09-09,M,2013-01-03,2015-01-03,CA,25,Republican
David B. McKinley,David,B.,McKinley,1947-03-28,M,2013-01-03,2015-01-03,WV,1,Republican
Cathy McMorris Rodgers,Cathy,,McMorris Rodgers,1969-05-22,F,2013-01-03,2015-01-03,WA,5,Republican
Jerry McNerney,Jerry,,McNerney,1951-06-18,M,2013-01-03,2015-01-03,CA,9,Democrat
Patrick Meehan,Patrick,,Meehan,1955-10-20,M,2013-01-03,2015-01-03,PA,7,Republican
Gregory W. Meeks,Gregory,W.,Meeks,1953-09-25,M,2013-01-03,2015-01-03,NY,5,Democrat
John L. Mica,John,L.,Mica,1943-01-27,M,2013-01-03,2015-01-03,FL,7,Republican
Michael H. Michaud,Michael,H.,Michaud,1955-01-18,M,2013-01-03,2015-01-03,ME,2,Democrat
Candice S. Miller,Candice,S.,Miller,1954-05-07,F,2013-01-03,2015-01-03,MI,10,Republican
Gary G. Miller,Gary,G.,Miller,1948-10-16,M,2013-01-03,2015-01-03,CA,31,Republican
George Miller,George,,Miller,1945-05-17,M,2013-01-03,2015-01-03,CA,11,Democrat
Jeff Miller,Jeff,,Miller,1959-06-27,M,2013-01-03,2015-01-03,FL,1,Republican
Gwen Moore,Gwen,,Moore,1951-04-18,F,2013-01-03,2015-01-03,WI,4,Democrat
James P. Moran,James,P.,Moran,1945-05-16,M,2013-01-03,2015-01-03,VA,8,Democrat
Mick Mulvaney,Mick,,Mulvaney,1967-07-21,M,2013-01-03,2015-01-03,SC,5,Republican
Tim Murphy,Tim,,Murphy,1952-09-11,M,2013-01-03,2015-01-03,PA,18,Republican
Jerrold Nadler,Jerrold,L.,Nadler,1947-06-13,M,2013-01-03,2015-01-03,NY,10,Democrat
Grace F. Napolitano,Grace,F.,Napolitano,1936-12-04,F,2013-01-03,2015-01-03,CA,32,Democrat
Richard E. Neal,Richard,E.,Neal,1949-02-14,M,2013-01-03,2015-01-03,MA,1,Democrat
Randy Neugebauer,Randy,,Neugebauer,1949-12-24,M,2013-01-03,2015-01-03,TX,19,Republican
Kristi L. Noem,Kristi,L.,Noem,1971-11-30,F,2013-01-03,2015-01-03,SD,0,Republican
Eleanor Holmes Norton,Eleanor,Holmes,Norton,1937-06-13,F,2013-01-03,2015-01-03,DC,0,Democrat
Richard B. Nugent,Richard,B.,Nugent,1951-05-26,M,2013-01-03,2015-01-03,FL,11,Republican
Devin Nunes,Devin,G.,Nunes,1973-10-01,M,2013-01-03,2015-01-03,CA,22,Republican
Alan Nunnelee,Alan,,Nunnelee,1958-10-09,M,2013-01-03,2015-01-03,MS,1,Republican
Pete Olson,Pete,,Olson,1962-12-09,M,2013-01-03,2015-01-03,TX,22,Republican
William L. Owens,William,L.,Owens,1949-01-20,M,2013-01-03,2015-01-03,NY,21,Democrat
Steven M. Palazzo,Steven,M.,Palazzo,1970-02-21,M,2013-01-03,2015-01-03,MS,4,Republican
Frank Pallone Jr.,Frank,J.,Pallone,1951-10-30,M,2013-01-03,2015-01-03,NJ,6,Democrat
Bill Pascrell Jr.,Bill,J.,Pascrell,1937-01-25,M,2013-01-03,2015-01-03,NJ,9,Democrat
Ed Pastor,Ed,,Pastor,1943-06-28,M,2013-01-03,2015-01-03,AZ,7,Democrat
Erik Paulsen,Erik,,Paulsen,1965-05-14,M,2013-01-03,2015-01-03,MN,3,Republican
Stevan Pearce,Stevan,E.,Pearce,1947-08-24,M,2013-01-03,2015-01-03,NM,2,Republican
Nancy Pelosi,Nancy,,Pelosi,1940-03-26,F,2013-01-03,2015-01-03,CA,12,Democrat
Ed Perlmutter,Ed,,Perlmutter,1953-05-01,M,2013-01-03,2015-01-03,CO,7,Democrat
Gary C. Peters,Gary,C.,Peters,1958-12-01,M,2013-01-03,2015-01-03,MI,14,Democrat
Collin C. Peterson,Collin,Clark,Peterson,1944-06-29,M,2013-01-03,2015-01-03,MN,7,Democrat
Thomas E. Petri,Thomas,E.,Petri,1940-05-28,M,2013-01-03,2015-01-03,WI,6,Republican
Pedro R. Pierluisi,Pedro,R.,Pierluisi,1959-04-26,M,2013-01-03,2017-01-03,PR,0,Democrat
Chellie Pingree,Chellie,,Pingree,1955-04-02,F,2013-01-03,2015-01-03,ME,1,Democrat
Joseph R. Pitts,Joseph,R.,Pitts,1939-10-10,M,2013-01-03,2015-01-03,PA,16,Republican
Ted Poe,Ted,,Poe,1948-09-10,M,2013-01-03,2015-01-03,TX,2,Republican
Jared Polis,Jared,,Polis,1975-05-12,M,2013-01-03,2015-01-03,CO,2,Democrat
Mike Pompeo,Mike,,Pompeo,1963-12-30,M,2013-01-03,2015-01-03,KS,4,Republican
Bill Posey,Bill,,Posey,1947-12-18,M,2013-01-03,2015-01-03,FL,8,Republican
David E. Price,David,E.,Price,1940-08-17,M,2013-01-03,2015-01-03,NC,4,Democrat
Tom Price,Tom,,Price,1954-10-08,M,2013-01-03,2015-01-03,GA,6,Republican
Mike Quigley,Mike,,Quigley,1958-10-17,M,2013-01-03,2015-01-03,IL,5,Democrat
Nick J. Rahall II,Nick,J.,Rahall,1949-05-20,M,2013-01-03,2015-01-03,WV,3,Democrat
Charles B. Rangel,Charles,B.,Rangel,1930-06-11,M,2013-01-03,2015-01-03,NY,13,Democrat
Tom Reed,Tom,W.,Reed,1971-11-18,M,2013-01-03,2015-01-03,NY,23,Republican
David G. Reichert,David,G.,Reichert,1950-08-29,M,2013-01-03,2015-01-03,WA,8,Republican
James B. Renacci,James,B.,Renacci,1958-12-03,M,2013-01-03,2015-01-03,OH,16,Republican
Reid J. Ribble,Reid,J.,Ribble,1956-04-05,M,2013-01-03,2015-01-03,WI,8,Republican
Cedric L. Richmond,Cedric,L.,Richmond,1973-09-13,M,2013-01-03,2015-01-03,LA,2,Democrat
E. Scott Rigell,E.,Scott,Rigell,1960-05-28,M,2013-01-03,2015-01-03,VA,2,Republican
Martha Roby,Martha,,Roby,1976-07-27,F,2013-01-03,2015-01-03,AL,2,Republican
David P. Roe,David,P.,Roe,1945-07-21,M,2013-01-03,2015-01-03,TN,1,Republican
Harold Rogers,Harold,,Rogers,1937-12-31,M,2013-01-03,2015-01-03,KY,5,Republican
Mike Rogers,Mike,,Rogers,1963-06-02,M,2013-01-03,2015-01-03,MI,8,Republican
Mike Rogers,Mike,,Rogers,1958-07-16,M,2013-01-03,2015-01-03,AL,3,Republican
Dana Rohrabacher,Dana,T.,Rohrabacher,1947-06-21,M,2013-01-03,2015-01-03,CA,48,Republican
Todd Rokita,Todd,,Rokita,1970-02-09,M,2013-01-03,2015-01-03,IN,4,Republican
Thomas J. Rooney,Thomas,J.,Rooney,1970-11-21,M,2013-01-03,2015-01-03,FL,17,Republican
Ileana Ros-Lehtinen,Ileana,,Ros-Lehtinen,1952-07-15,F,2013-01-03,2015-01-03,FL,27,Republican
Peter J. Roskam,Peter,J.,Roskam,1961-09-13,M,2013-01-03,2015-01-03,IL,6,Republican
Dennis A. Ross,Dennis,A.,Ross,1959-10-18,M,2013-01-03,2015-01-03,FL,15,Republican
Lucille Roybal-Allard,Lucille,,Roybal-Allard,1941-06-12,F,2013-01-03,2015-01-03,CA,40,Democrat
Edward R. Royce,Edward,R.,Royce,1951-10-12,M,2013-01-03,2015-01-03,CA,39,Republican
Jon Runyan,Jon,,Runyan,1973-11-27,M,2013-01-03,2015-01-03,NJ,3,Republican
C. A. Dutch Ruppersberger,C.,A. Dutch,Ruppersberger,1946-01-31,M,2013-01-03,2015-01-03,MD,2,Democrat
Bobby L. Rush,Bobby,L.,Rush,1946-11-23,M,2013-01-03,2015-01-03,IL,1,Democrat
Paul Ryan,Paul,D.,Ryan,1970-01-29,M,2013-01-03,2015-01-03,WI,1,Republican
Tim Ryan,Tim,J.,Ryan,1973-07-16,M,2013-01-03,2015-01-03,OH,13,Democrat
Gregorio Kilili Camacho Sablan,Gregorio,Kilili Camacho,Sablan,1955-01-19,M,2013-01-03,2015-01-03,MP,0,Democrat
Loretta Sanchez,Loretta,B.,Sanchez,1960-01-07,F,2013-01-03,2015-01-03,CA,46,Democrat
John P. Sarbanes,John,P.,Sarbanes,1962-05-22,M,2013-01-03,2015-01-03,MD,3,Democrat
Steve Scalise,Steve,Joseph,Scalise,1965-10-06,M,2013-01-03,2015-01-03,LA,1,Republican
Janice D. Schakowsky,Janice,D.,Schakowsky,1944-05-26,F,2013-01-03,2015-01-03,IL,9,Democrat
Adam B. Schiff,Adam,B.,Schiff,1960-06-22,M,2013-01-03,2015-01-03,CA,28,Democrat
Aaron Schock,Aaron,,Schock,1981-05-28,M,2013-01-03,2015-01-03,IL,18,Republican
Kurt Schrader,Kurt,,Schrader,1951-10-19,M,2013-01-03,2015-01-03,OR,5,Democrat
Allyson Y. Schwartz,Allyson,Y.,Schwartz,1948-10-03,F,2013-01-03,2015-01-03,PA,13,Democrat
David Schweikert,David,,Schweikert,1962-03-03,M,2013-01-03,2015-01-03,AZ,6,Republican
Austin Scott,Austin,,Scott,1969-12-10,M,2013-01-03,2015-01-03,GA,8,Republican
David Scott,David,,Scott,1946-06-27,M,2013-01-03,2015-01-03,GA,13,Democrat
"Robert C. ""Bobby"" Scott",Robert,C.,Scott,1947-04-30,M,2013-01-03,2015-01-03,VA,3,Democrat
F. James Sensenbrenner Jr.,F.,James,Sensenbrenner,1943-06-14,M,2013-01-03,2015-01-03,WI,5,Republican
José E. Serrano,José,E.,Serrano,1943-10-24,M,2013-01-03,2015-01-03,NY,15,Democrat
Pete Sessions,Pete,A.,Sessions,1955-03-22,M,2013-01-03,2015-01-03,TX,32,Republican
Terri A. Sewell,Terri,A.,Sewell,1965-01-01,F,2013-01-03,2015-01-03,AL,7,Democrat
Brad Sherman,Brad,J.,Sherman,1954-10-24,M,2013-01-03,2015-01-03,CA,30,Democrat
John Shimkus,John,M.,Shimkus,1958-02-21,M,2013-01-03,2015-01-03,IL,15,Republican
Bill Shuster,Bill,,Shuster,1961-01-10,M,2013-01-03,2015-01-03,PA,9,Republican
Michael K. Simpson,Michael,K.,Simpson,1950-09-08,M,2013-01-03,2015-01-03,ID,2,Republican
Albio Sires,Albio,,Sires,1951-01-26,M,2013-01-03,2015-01-03,NJ,8,Democrat
Louise McIntosh Slaughter,Louise,McIntosh,Slaughter,1929-08-14,F,2013-01-03,2015-01-03,NY,25,Democrat
Adam Smith,Adam,,Smith,1965-06-15,M,2013-01-03,2015-01-03,WA,9,Democrat
Adrian Smith,Adrian,,Smith,1970-12-19,M,2013-01-03,2015-01-03,NE,3,Republican
Christopher H. Smith,Christopher,H.,Smith,1953-03-04,M,2013-01-03,2015-01-03,NJ,4,Republican
Lamar Smith,Lamar,S.,Smith,1947-11-19,M,2013-01-03,2015-01-03,TX,21,Republican
Steve Southerland II,Steve,,Southerland,1965-10-10,M,2013-01-03,2015-01-03,FL,2,Republican
Jackie Speier,Jackie,,Speier,1950-05-14,F,2013-01-03,2015-01-03,CA,14,Democrat
Steve Stivers,Steve,,Stivers,1965-03-24,M,2013-01-03,2015-01-03,OH,15,Republican
Marlin A. Stutzman,Marlin,A.,Stutzman,1976-08-31,M,2013-01-03,2015-01-03,IN,3,Republican
Linda T. Sánchez,Linda,T.,Sánchez,1969-01-28,F,2013-01-03,2015-01-03,CA,38,Democrat
Lee Terry,Lee,R.,Terry,1962-01-29,M,2013-01-03,2015-01-03,NE,2,Republican
Bennie G. Thompson,Bennie,G.,Thompson,1948-01-28,M,2013-01-03,2015-01-03,MS,2,Democrat
Mike Thompson,Mike,Michael,Thompson,1951-01-24,M,2013-01-03,2015-01-03,CA,5,Democrat
Glenn Thompson,Glenn,,Thompson,1959-07-27,M,2013-01-03,2015-01-03,PA,5,Republican
Mac Thornberry,Mac,M.,Thornberry,1958-07-15,M,2013-01-03,2015-01-03,TX,13,Republican
Patrick J. Tiberi,Patrick,J.,Tiberi,1962-10-21,M,2013-01-03,2015-01-03,OH,12,Republican
John F. Tierney,John,F.,Tierney,1951-09-18,M,2013-01-03,2015-01-03,MA,6,Democrat
Scott R. Tipton,Scott,R.,Tipton,1956-11-09,M,2013-01-03,2015-01-03,CO,3,Republican
Paul Tonko,Paul,,Tonko,1949-06-18,M,2013-01-03,2015-01-03,NY,20,Democrat
Niki Tsongas,Niki,S.,Tsongas,1946-04-26,F,2013-01-03,2015-01-03,MA,3,Democrat
Michael R. Turner,Michael,R.,Turner,1960-01-11,M,2013-01-03,2015-01-03,OH,10,Republican
Fred Upton,Fred,Stephen,Upton,1953-04-23,M,2013-01-03,2015-01-03,MI,6,Republican
Chris Van Hollen,Chris,,Van Hollen,1959-01-10,M,2013-01-03,2015-01-03,MD,8,Democrat
Nydia M. Velázquez,Nydia,M.,Velázquez,1953-03-28,F,2013-01-03,2015-01-03,NY,7,Democrat
Peter J. Visclosky,Peter,J.,Visclosky,1949-08-13,M,2013-01-03,2015-01-03,IN,1,Democrat
Tim Walberg,Tim,,Walberg,1951-04-12,M,2013-01-03,2015-01-03,MI,7,Republican
Greg Walden,Greg,P.,Walden,1957-01-10,M,2013-01-03,2015-01-03,OR,2,Republican
Timothy J. Walz,Timothy,James,Walz,1964-04-06,M,2013-01-03,2015-01-03,MN,1,Democrat
Debbie Wasserman Schultz,Debbie,,Wasserman Schultz,1966-09-27,F,2013-01-03,2015-01-03,FL,23,Democrat
Maxine Waters,Maxine,,Waters,1938-08-15,F,2013-01-03,2015-01-03,CA,43,Democrat
Melvin L. Watt,Melvin,L.,Watt,1945-08-26,M,2013-01-03,2015-01-03,NC,12,Democrat
Henry A. Waxman,Henry,A.,Waxman,1939-09-12,M,2013-01-03,2015-01-03,CA,33,Democrat
Daniel Webster,Daniel,,Webster,1949-04-27,M,2013-01-03,2015-01-03,FL,10,Republican
Peter Welch,Peter,,Welch,1947-05-02,M,2013-01-03,2015-01-03,VT,0,Democrat
Lynn A. Westmoreland,Lynn,A.,Westmoreland,1950-04-02,M,2013-01-03,2015-01-03,GA,3,Republican
Ed Whitfield,Ed,,Whitfield,1943-05-25,M,2013-01-03,2015-01-03,KY,1,Republican
Joe Wilson,Joe,G.,Wilson,1947-07-31,M,2013-01-03,2015-01-03,SC,2,Republican
Frederica S. Wilson,Frederica,S.,Wilson,1942-11-05,F,2013-01-03,2015-01-03,FL,24,Democrat
Robert J. Wittman,Robert,J.,Wittman,1959-02-03,M,2013-01-03,2015-01-03,VA,1,Republican
Frank R. Wolf,Frank,R.,Wolf,1939-01-30,M,2013-01-03,2015-01-03,VA,10,Republican
Steve Womack,Steve,,Womack,1957-02-18,M,2013-01-03,2015-01-03,AR,3,Republican
Rob Woodall,Rob,,Woodall,1970-02-11,M,2013-01-03,2015-01-03,GA,7,Republican
John A. Yarmuth,John,A.,Yarmuth,1947-11-04,M,2013-01-03,2015-01-03,KY,3,Democrat
Kevin Yoder,Kevin,,Yoder,1976-01-08,M,2013-01-03,2015-01-03,KS,3,Republican
C. W. Bill Young,C.,W. Bill,Young,1930-12-16,M,2013-01-03,2015-01-03,FL,13,Republican
Don Young,Don,E.,Young,1933-06-09,M,2013-01-03,2015-01-03,AK,0,Republican
Todd C. Young,Todd,C.,Young,1972-08-24,M,2013-01-03,2015-01-03,IN,9,Republican
Janice Hahn,Janice,,Hahn,1952-03-30,F,2013-01-03,2015-01-03,CA,44,Democrat
Mark E. Amodei,Mark,E.,Amodei,1958-06-12,M,2013-01-03,2015-01-03,NV,2,Republican
Suzanne Bonamici,Suzanne,,Bonamici,1954-10-14,F,2013-01-03,2015-01-03,OR,1,Democrat
Ron Barber,Ron,,Barber,1945-08-25,M,2013-01-03,2015-01-03,AZ,2,Democrat
Suzan K. DelBene,Suzan,K.,DelBene,1962-02-17,F,2013-01-03,2015-01-03,WA,1,Democrat
Thomas Massie,Thomas,,Massie,1971-01-13,M,2013-01-03,2015-01-03,KY,4,Republican
Donald M. Payne Jr.,Donald,M.,Payne,1958-12-17,M,2013-01-03,2015-01-03,NJ,10,Democrat
Matt Salmon,Matt,,Salmon,1958-01-21,M,2013-01-03,2015-01-03,AZ,5,Republican
Steve Stockman,Steve,,Stockman,1956-11-14,M,2013-01-03,2015-01-03,TX,36,Republican
Carol Shea-Porter,Carol,,Shea-Porter,1952-12-02,F,2013-01-03,2015-01-03,NH,1,Democrat
Bill Foster,Bill,,Foster,1955-10-07,M,2013-01-03,2015-01-03,IL,11,Democrat
Alan Grayson,Alan,,Grayson,1958-03-13,M,2013-01-03,2015-01-03,FL,9,Democrat
Ann Kirkpatrick,Ann,,Kirkpatrick,1950-03-24,F,2013-01-03,2015-01-03,AZ,1,Democrat
Daniel B. Maffei,Daniel,B.,Maffei,1968-07-04,M,2013-01-03,2015-01-03,NY,24,Democrat
Dina Titus,Dina,,Titus,1950-05-23,F,2013-01-03,2015-01-03,NV,1,Democrat
Tom Cotton,Tom,,Cotton,1977-05-13,M,2013-01-03,2015-01-03,AR,4,Republican
Kyrsten Sinema,Kyrsten,,Sinema,1976-07-12,F,2013-01-03,2015-01-03,AZ,9,Democrat
Doug LaMalfa,Doug,,LaMalfa,1960-07-02,M,2013-01-03,2015-01-03,CA,1,Republican
Jared Huffman,Jared,,Huffman,1964-02-18,M,2013-01-03,2015-01-03,CA,2,Democrat
Ami Bera,Ami,,Bera,1965-03-02,M,2013-01-03,2015-01-03,CA,7,Democrat
Paul Cook,Paul,,Cook,1943-03-03,M,2013-01-03,2015-01-03,CA,8,Republican
Eric Swalwell,Eric,,Swalwell,1980-11-16,M,2013-01-03,2015-01-03,CA,15,Democrat
David G. Valadao,David,G.,Valadao,1977-04-14,M,2013-01-03,2015-01-03,CA,21,Republican
Julia Brownley,Julia,,Brownley,1952-08-28,F,2013-01-03,2015-01-03,CA,26,Democrat
Tony Cárdenas,Tony,,Cárdenas,1963-03-31,M,2013-01-03,2015-01-03,CA,29,Democrat
Gloria Negrete McLeod,Gloria,,Negrete McLeod,1941-09-06,F,2013-01-03,2015-01-03,CA,35,Democrat
Raul Ruiz,Raul,,Ruiz,1972-08-25,M,2013-01-03,2015-01-03,CA,36,Democrat
Mark Takano,Mark,,Takano,1960-12-10,M,2013-01-03,2015-01-03,CA,41,Democrat
Alan S. Lowenthal,Alan,S.,Lowenthal,1941-03-08,M,2013-01-03,2015-01-03,CA,47,Democrat
Juan Vargas,Juan,,Vargas,1961-03-07,M,2013-01-03,2015-01-03,CA,51,Democrat
Scott H. Peters,Scott,H.,Peters,1958-06-17,M,2013-01-03,2015-01-03,CA,52,Democrat
Elizabeth H. Esty,Elizabeth,H.,Esty,1959-08-25,F,2013-01-03,2015-01-03,CT,5,Democrat
Ted S. Yoho,Ted,S.,Yoho,1955-04-13,M,2013-01-03,2015-01-03,FL,3,Republican
Ron DeSantis,Ron,,DeSantis,1978-09-14,M,2013-01-03,2015-01-03,FL,6,Republican
Patrick Murphy,Patrick,,Murphy,1983-03-30,M,2013-01-03,2015-01-03,FL,18,Democrat
Trey Radel,Trey,,Radel,1976-04-20,M,2013-01-03,2015-01-03,FL,19,Republican
Lois Frankel,Lois,,Frankel,1948-05-16,F,2013-01-03,2015-01-03,FL,22,Democrat
Joe Garcia,Joe,,Garcia,1963-10-19,M,2013-01-03,2015-01-03,FL,26,Democrat
Doug Collins,Doug,,Collins,1966-08-16,M,2013-01-03,2015-01-03,GA,9,Republican
Tulsi Gabbard,Tulsi,,Gabbard,1981-04-12,F,2013-01-03,2015-01-03,HI,2,Democrat
Tammy Duckworth,Tammy,,Duckworth,1968-03-12,F,2013-01-03,2015-01-03,IL,8,Democrat
Bradley S. Schneider,Bradley,S.,Schneider,1961-08-20,M,2013-01-03,2015-01-03,IL,10,Democrat
William L. Enyart,William,L.,Enyart,1949-09-22,M,2013-01-03,2015-01-03,IL,12,Democrat
Rodney Davis,Rodney,,Davis,1970-01-05,M,2013-01-03,2015-01-03,IL,13,Republican
Cheri Bustos,Cheri,,Bustos,1961-10-17,F,2013-01-03,2015-01-03,IL,17,Democrat
Jackie Walorski,Jackie,,Walorski,1963-08-17,F,2013-01-03,2015-01-03,IN,2,Republican
Susan W. Brooks,Susan,W.,Brooks,1960-08-25,F,2013-01-03,2015-01-03,IN,5,Republican
Luke Messer,Luke,,Messer,1969-02-27,M,2013-01-03,2015-01-03,IN,6,Republican
Andy Barr,Garland,,Barr,1973-07-24,M,2013-01-03,2015-01-03,KY,6,Republican
Joseph P. Kennedy III,Joseph,P.,Kennedy,1980-10-04,M,2013-01-03,2015-01-03,MA,4,Democrat
John K. Delaney,John,K.,Delaney,1963-04-16,M,2013-01-03,2015-01-03,MD,6,Democrat
Daniel T. Kildee,Daniel,T.,Kildee,1958-08-11,M,2013-01-03,2015-01-03,MI,5,Democrat
Kerry L. Bentivolio,Kerry,L.,Bentivolio,1951-10-06,M,2013-01-03,2015-01-03,MI,11,Republican
Richard M. Nolan,Richard,M.,Nolan,1943-12-17,M,2013-01-03,2015-01-03,MN,8,Democrat
Ann Wagner,Ann,,Wagner,1962-09-13,F,2013-01-03,2015-01-03,MO,2,Republican
Steve Daines,Steve,,Daines,1962-08-20,M,2013-01-03,2015-01-03,MT,0,Republican
Richard Hudson,Richard,,Hudson,1971-11-04,M,2013-01-03,2015-01-03,NC,8,Republican
Robert Pittenger,Robert,,Pittenger,1948-08-15,M,2013-01-03,2015-01-03,NC,9,Republican
Mark Meadows,Mark,,Meadows,1959-07-28,M,2013-01-03,2015-01-03,NC,11,Republican
George Holding,George,,Holding,1968-04-17,M,2013-01-03,2015-01-03,NC,13,Republican
Kevin Cramer,Kevin,,Cramer,1961-01-21,M,2013-01-03,2015-01-03,ND,0,Republican
Ann M. Kuster,Ann,M.,Kuster,1956-09-05,F,2013-01-03,2015-01-03,NH,2,Democrat
Michelle Lujan Grisham,Michelle,,Lujan Grisham,1959-10-24,F,2013-01-03,2015-01-03,NM,1,Democrat
Steven A. Horsford,Steven,A.,Horsford,1973-04-29,M,2013-01-03,2015-01-03,NV,4,Democrat
Grace Meng,Grace,,Meng,1975-10-01,F,2013-01-03,2015-01-03,NY,6,Democrat
Hakeem S. Jeffries,Hakeem,S.,Jeffries,1970-08-04,M,2013-01-03,2015-01-03,NY,8,Democrat
Sean Patrick Maloney,Sean,Patrick,Maloney,1966-07-30,M,2013-01-03,2015-01-03,NY,18,Democrat
Chris Collins,Chris,,Collins,1950-05-20,M,2013-01-03,2015-01-03,NY,27,Republican
Brad R. Wenstrup,Brad,R.,Wenstrup,1958-06-17,M,2013-01-03,2015-01-03,OH,2,Republican
Joyce Beatty,Joyce,,Beatty,1950-03-12,F,2013-01-03,2015-01-03,OH,3,Democrat
David P. Joyce,David,P.,Joyce,1957-03-17,M,2013-01-03,2015-01-03,OH,14,Republican
Jim Bridenstine,Jim,,Bridenstine,1975-06-15,M,2013-01-03,2015-01-03,OK,1,Republican
Markwayne Mullin,Markwayne,,Mullin,1977-07-26,M,2013-01-03,2015-01-03,OK,2,Republican
Scott Perry,Scott,,Perry,1962-05-27,M,2013-01-03,2015-01-03,PA,4,Republican
Keith J. Rothfus,Keith,J.,Rothfus,1962-04-25,M,2013-01-03,2015-01-03,PA,12,Republican
Matt Cartwright,Matthew,A.,Cartwright,1961-05-01,M,2013-01-03,2015-01-03,PA,17,Democrat
Tom Rice,Tom,,Rice,1957-08-04,M,2013-01-03,2015-01-03,SC,7,Republican
Randy K. Weber Sr.,Randy,K.,Weber,1953-07-02,M,2013-01-03,2015-01-03,TX,14,Republican
Beto O'Rourke,Beto,,O'Rourke,1972-09-26,M,2013-01-03,2015-01-03,TX,16,Democrat
Joaquin Castro,Joaquin,,Castro,1974-09-16,M,2013-01-03,2015-01-03,TX,20,Democrat
Pete P. Gallego,Pete,P.,Gallego,1961-12-02,M,2013-01-03,2015-01-03,TX,23,Democrat
Roger Williams,Roger,,Williams,1949-09-13,M,2013-01-03,2015-01-03,TX,25,Republican
Marc A. Veasey,Marc,A.,Veasey,1971-01-03,M,2013-01-03,2015-01-03,TX,33,Democrat
Filemon Vela,Filemon,,Vela,1963-02-13,M,2013-01-03,2015-01-03,TX,34,Democrat
Chris Stewart,Chris,,Stewart,1960-07-15,M,2013-01-03,2015-01-03,UT,2,Republican
Derek Kilmer,Derek,,Kilmer,1974-01-01,M,2013-01-03,2015-01-03,WA,6,Democrat
Denny Heck,Denny,,Heck,1952-07-29,M,2013-01-03,2015-01-03,WA,10,Democrat
Mark Pocan,Mark,,Pocan,1964-08-14,M,2013-01-03,2015-01-03,WI,2,Democrat
Robin L. Kelly,Robin,,Kelly,1956-04-30,F,2013-04-09,2015-01-03,IL,2,Democrat
Mark Sanford,Marshall,,Sanford,1960-05-28,M,2013-05-15,2015-01-03,SC,1,Republican
Jason T. Smith,Jason,T.,Smith,1980-06-16,M,2013-06-04,2015-01-03,MO,8,Republican
